IP Address,Login Source,Login Date & Time
84.174.238.52,Web,"28 Jun 2017, 12:44:26"
164.160.109.26,Web,"19 Nov 2018, 07:05:43"
164.160.109.26,Web,"8 May 2018, 05:35:08"
164.160.111.26,Web,"19 Jan 2018, 11:31:17"
41.182.147.11,Web,"8 Apr 2017, 14:21:44"
197.233.216.213,Web,"15 Dec 2017, 03:50:02"
164.160.109.26,Web,"28 May 2018, 06:20:38"
164.160.111.26,Web,"26 Sep 2017, 13:18:12"
164.160.111.26,Web,"26 Sep 2017, 05:38:09"
37.228.248.92,Web,"15 Aug 2018, 18:48:29"
197.233.27.249,Web,"8 Jun 2019, 08:36:17"
197.233.81.16,Web,"21 Feb 2019, 09:33:28"
155.93.213.83,Web,"3 Jul 2018, 17:09:42"
105.232.255.212,Web,"23 Dec 2017, 05:54:51"
155.93.213.83,Web,"4 Jul 2018, 06:28:03"
164.160.109.26,Web,"12 Jun 2019, 13:02:49"
164.160.111.26,Web,"25 Sep 2017, 05:52:12"
164.160.111.26,Web,"26 Feb 2018, 05:59:59"
164.160.109.26,Web,"10 Jun 2019, 07:14:00"
164.160.109.26,Web,"12 Jun 2019, 06:03:47"
80.94.104.254,Web,"13 May 2019, 13:23:08"
164.160.111.26,Web,"19 Mar 2018, 13:20:09"
105.232.121.145,Web,"26 Nov 2018, 13:07:45"
164.160.109.26,Web,"11 Jun 2019, 05:32:09"
164.160.111.26,Web,"8 Nov 2017, 08:20:15"
197.233.137.158,Web,"7 Oct 2018, 11:03:43"
41.164.152.82,Web,"21 Aug 2015, 20:45:39"
164.160.111.26,Web,"18 Dec 2017, 08:51:40"
41.164.152.82,Web,"30 Aug 2015, 13:05:16"
197.233.178.87,Web,"19 Dec 2018, 10:10:15"
93.194.118.98,Web,"21 May 2017, 19:03:16"
41.182.149.135,Mobile,"27 Nov 2014, 09:42:03"
197.188.162.88,Web,"17 Sep 2017, 16:29:19"
164.160.109.26,Web,"25 Mar 2019, 05:37:29"
102.132.224.205,Web,"2 Apr 2019, 18:58:16"
164.160.109.26,Web,"21 Jan 2019, 05:37:06"
164.160.109.26,Web,"12 Jun 2019, 08:20:15"
164.160.109.26,Web,"22 Feb 2019, 05:23:47"
164.160.109.26,Web,"12 Jun 2019, 07:58:20"
41.182.147.11,Web,"14 Apr 2017, 12:50:24"
164.160.109.26,Web,"18 Oct 2018, 05:29:10"
155.93.213.83,Web,"29 Jun 2018, 14:33:30"
197.233.116.166,Web,"11 Nov 2018, 12:51:10"
41.164.152.82,Web,"9 Oct 2015, 17:53:18"
164.160.109.26,Web,"24 Apr 2019, 13:17:30"
105.8.105.199,Web,"11 Mar 2017, 07:26:17"
164.160.109.26,Web,"11 Jun 2019, 10:29:44"
102.132.224.205,Web,"2 Apr 2019, 18:58:27"
197.233.76.182,Web,"10 Feb 2018, 12:58:34"
164.160.109.26,Web,"17 Sep 2018, 05:28:39"
164.160.109.26,Web,"11 Jun 2019, 12:23:41"
164.160.109.26,Web,"25 Mar 2019, 05:37:40"
164.160.111.26,Web,"20 Mar 2018, 05:33:08"
164.160.109.26,Web,"24 Apr 2019, 13:17:38"
80.94.104.254,Web,"13 May 2019, 13:23:12"
197.233.89.201,Web,"9 Jun 2019, 12:00:19"
105.12.10.70,Web,"11 Oct 2016, 16:43:51"
164.160.109.26,Web,"17 Jun 2019, 06:51:57"
164.160.109.26,Web,"18 Jun 2019, 10:16:05"
164.160.109.26,Web,"19 Jun 2019, 08:28:13"
164.160.109.26,Web,"20 Jun 2019, 08:01:55"
164.160.109.26,Web,"24 Jun 2019, 07:32:01"
164.160.109.26,Web,"25 Jun 2019, 05:28:01"
164.160.109.26,Web,"26 Jun 2019, 07:25:12"
164.160.109.26,Web,"26 Jun 2019, 13:25:11"
164.160.109.26,Web,"2 Jul 2019, 10:47:43"
164.160.109.26,Web,"3 Jul 2019, 12:18:33"
164.160.109.26,Web,"3 Jul 2019, 13:22:25"
164.160.109.26,Web,"8 Jul 2019, 08:26:25"
164.160.109.26,Web,"9 Jul 2019, 05:40:27"
164.160.109.26,Web,"9 Jul 2019, 13:34:35"
164.160.109.26,Web,"10 Jul 2019, 12:45:06"
164.160.109.26,Web,"12 Jul 2019, 07:57:09"
164.160.109.26,Web,"15 Jul 2019, 09:55:19"
164.160.109.26,Web,"17 Jul 2019, 07:31:45"
164.160.109.26,Web,"17 Jul 2019, 12:41:48"
164.160.109.26,Web,"18 Jul 2019, 08:31:26"
164.160.109.26,Web,"19 Jul 2019, 07:58:30"
164.160.109.26,Web,"5 Aug 2019, 05:35:37"
164.160.109.26,Web,"6 Aug 2019, 10:33:20"
164.160.109.26,Web,"13 Aug 2019, 06:02:22"
164.160.109.26,Web,"13 Aug 2019, 14:00:38"
164.160.109.26,Web,"14 Aug 2019, 13:21:29"
164.160.109.26,Web,"19 Aug 2019, 05:58:50"
197.233.95.237,Web,"31 Aug 2019, 15:54:17"
164.160.109.26,Web,"18 Sep 2019, 07:24:43"
164.160.109.26,Web,"1 Oct 2019, 12:35:21"
105.232.113.196,Mobile,"18 Oct 2019, 05:06:54"
164.160.109.26,Web,"4 Nov 2019, 05:44:20"
164.160.109.26,Web,"4 Nov 2019, 13:28:52"
164.160.111.26,Web,"9 Dec 2019, 05:44:10"
164.160.111.26,Web,"9 Jan 2020, 10:20:58"
164.160.111.26,Web,"10 Feb 2020, 12:06:53"
164.160.111.26,Web,"12 Mar 2020, 10:12:50"
197.233.134.58,Web,"1 Apr 2020, 17:03:25"
164.160.111.26,Web,"6 May 2020, 10:34:43"
164.160.111.26,Web,"6 May 2020, 12:57:17"
197.233.217.52,Web,"21 May 2020, 09:43:51"
105.232.121.35,Web,"27 May 2020, 09:46:00"
197.233.140.249,Web,"4 Jul 2020, 09:53:41"
164.160.111.26,Web,"27 Jul 2020, 06:08:02"
105.232.255.170,Web,"28 Aug 2020, 12:36:49"
164.160.111.26,Web,"31 Aug 2020, 08:21:16"
164.160.111.26,Web,"30 Sep 2020, 08:51:51"
41.182.50.131,Web,"10 Nov 2020, 17:17:53"
197.188.222.69,Web,"16 Jan 2021, 10:26:22"
160.242.11.228,Web,"30 Jan 2021, 05:08:41"
102.132.224.198,Web,"7 Feb 2021, 11:22:22"
102.132.233.52,Web,"26 Feb 2021, 14:20:54"
102.132.237.76,Web,"7 Mar 2021, 08:53:44"
102.132.237.78,Web,"9 May 2021, 09:58:21"
102.132.237.78,Web,"15 May 2021, 18:58:03"
105.232.42.231,Web,"10 Jun 2021, 14:31:42"
217.233.238.31,Web,"25 Jun 2021, 10:57:55"
185.75.219.93,Web,"9 Jul 2021, 10:12:43"
93.215.242.214,Web,"11 Jul 2021, 20:36:19"
93.215.242.214,Web,"12 Jul 2021, 14:01:32"
