Comment Date,Comment
"15 Jul 2015, 11:31:24",triggered by effort 8235422309 on segment 3287126
"10 Aug 2015, 15:48:25",Damn straight 
"5 Sep 2015, 12:18:58",thats correct :/ bike und ich kaputt
"14 Sep 2015, 13:19:28","Thanks, will definitely try it out :D"
"9 Nov 2015, 15:17:31",Haha want ek so stadig was of wat? nee nie hierdie keer nie :) . Eeerste keer dat ek nie geval het op herculan hill. Maar was te bang weer single track te probeer.
"14 Nov 2015, 12:14:38",haha dankie :) join jy volgende naweek? dann gaan ons bo oor franschoek pass. flippen mooi daar bo
"16 Feb 2017, 09:42:38",Ja. Maar een dag is dit werk 💪
"4 Mar 2017, 19:04:47","With 2 min rests :) .. was eintlik my rus dag, maar dis so boring "
"2 Apr 2017, 14:03:27","Just a half for now :).. One in Germany, 18 June and one in Nam, 4 December. Maybe a full one next year if my body is up for it by then"
"2 Apr 2017, 14:24:40","Just a half for now :).. One in Germany, 18 June and one in Nam, 4 December. Maybe a full one next year if my body is up for it by then"
"2 Apr 2017, 17:20:00",Joh! Nice swim 👍
"8 Apr 2017, 12:32:29",4.95 🙄
"12 Apr 2017, 08:44:35",Haha just a random brick run 🙈
"25 Apr 2017, 04:33:07","Ja, same same :)"
"30 Apr 2017, 07:22:16",Agreed :) so cool!
"30 Apr 2017, 08:23:30",Mit wem? :)
"30 Apr 2017, 08:42:10",Au ja :) cool stuff!
"6 May 2017, 08:07:56","Yeah, zum glueck war da neh bridge, sonst müsste ich all the way back gehn"
"17 May 2017, 12:34:53","Check den elevation gain, haha"
"20 May 2017, 15:45:01",Haha so schlimm war das nicht :). Aber das war so ein komischer Entschluss um kurz die augen zu zu machen 
"24 May 2017, 07:10:33",Haha war slow 😂 but thanks. Das wasser war unter 20 und war schnee weiß danach und konnte meine füße nicht mehr fühlen
"24 May 2017, 09:50:43","Outdoor mini pool das 50m vom haus is, und hab neh season card. Hoffentlich wird's warmer :)"
"29 May 2017, 14:40:16",😬💪 daai mountain is erg. Ek het gedink chappies was hoog
"1 Jun 2017, 16:53:02",21km commute? Casual
"2 Jun 2017, 06:57:39",Thought chappies was high 🙈.. Last ride up the mountain today 💪 
"3 Jun 2017, 13:20:02",Sitz im Auto auf pad back nah Freiburg :) forced rest.... For now
"8 Jun 2017, 06:19:09",Agreed. Ek race die duitse olympic distance championship hierdie naweek :) 
"8 Jun 2017, 06:25:11",Dankie bra 😬
"14 Jun 2017, 18:39:49","Haha muss mal neh neue route rennen :) aber ja, the best"
"15 Jun 2017, 13:38:37",Rulli. What an animal 🙈
"15 Jun 2017, 13:46:35",Mach auch mit 😬💪
"15 Jun 2017, 20:13:07",Ja - so viele Höhen Meter 😳 wird cool!
"18 Jun 2017, 12:38:52",29th Male Open :) not too bad I think. Super cool race 👍
"19 Jun 2017, 08:49:14",Thanks 💪😎
"23 Jun 2017, 06:27:22",So high expectations 🙈 
"27 Jun 2017, 11:27:37","Transition geübt :) 3 mal 5k cycle, 1k run"
"28 Jun 2017, 18:01:44",Sub 20 🙌🙌🙌
"6 Jul 2017, 14:41:23",Was baie mooi ja - behalwe my pap wiel 🙄
"6 Jul 2017, 14:45:33",Haha geen idee. Ken nie die dorpe se naame
"10 Jul 2017, 13:08:22",:) danke. Schwimmen heute mittag oder Ruhetag?
"16 Jul 2017, 20:27:46",Haha thanks ☺️💪
"19 Jul 2017, 15:21:21",Afernoon run or afternoon cycle? 😳 jeez
"19 Jul 2017, 15:43:24",Haha makes more sense. 2:10's per km seemed a bit quick even for you
"26 Jul 2017, 13:49:16","Haha noooo 😑😑😑 but yes, probably 🙄"
"1 Aug 2017, 17:29:33","13km cycle (20mins), 1.5km run, X4 :) .. mit thrusters und lunges davor 😱 poor legsies"
"16 Aug 2017, 20:29:22",Nice and slow start :) 
"18 Aug 2017, 11:37:14","Die is nicht all that exciting. Da is eine muuuch cooler one, aber I like repetition 😬"
"19 Aug 2017, 14:02:13",Awesome 😎 
"19 Aug 2017, 14:04:08",Warum sagt die parkrun website das deine zeit 18:53 is?
"19 Aug 2017, 16:27:00",Open water?
"19 Aug 2017, 17:01:11","""Vergessen"" :P"
"20 Aug 2017, 14:18:40",Sommer with a pic :D awesome
"21 Aug 2017, 14:46:51",Haha den lass ich dir 😊💪
"21 Aug 2017, 14:51:10",I also did 5 Sun Salutions for warm up today :)
"22 Aug 2017, 17:30:54","Ja, 8 mal 400. Bye bye calvsies 🙄"
"25 Aug 2017, 12:04:18",Ich hoffe dieser max heart rate is ein fehler 🙈 haha
"29 Aug 2017, 18:09:45",Hectic! Nice buddy. Usually one turns around half way - how did you get home 😂
"31 Aug 2017, 15:20:55",First step is searching google maps for 'swimming pool near me' and then buying a speedo :D
"6 Sep 2017, 20:34:31","Ja! War so kak in dem kalten wind, geh lieber in das gym morgen. Vermiss mein schauinsland "
"7 Sep 2017, 08:14:25",Wer schreibt dein programm da? :)
"10 Sep 2017, 16:45:38","Danke :) Ja, war lekka hart 💪"
"12 Sep 2017, 17:34:37",Segment king auf waldstraße 🏆 mooi man
"14 Sep 2017, 16:50:01",Erster swim since a week 🙄 och. Aber ging oke considering wie tired ich bin :)
"14 Sep 2017, 17:01:19","*Stiff? 😂 aber ich auch, jeez, hammies"
"15 Sep 2017, 15:53:36","Lekka. Dieses wattbiken is hart, meine beine sind so steiff"
"16 Sep 2017, 12:11:07",Hectic 💪
"16 Sep 2017, 13:34:03",Nicht bei einer long ride - das is schon zu hoch find ich. Der kann hoch beim interval training in der woche
"16 Sep 2017, 14:47:47",Decent pace 💪 nice
"16 Sep 2017, 16:21:39",Or you're just badass? Distance seems about right 
"17 Sep 2017, 08:42:49","Joh, nice one 💪"
"17 Sep 2017, 16:33:51",Blew up in the end there :/ what happened? 
"17 Sep 2017, 17:15:56",Pitty. Ja I saw you ramped up your mileage a lot. Build yourself up a bit slower next time maybe :).. And read Ready to run from Kelly starrett to get back ASAP - injuries are the worst 🙄 good luck 💪
"20 Sep 2017, 03:51:07",80 min wattbike :) awesome! PE 💪
"20 Sep 2017, 03:53:57",Danke Mr Kittel :)
"23 Sep 2017, 07:39:47",Crazy 😎 well done 🏆
"23 Sep 2017, 22:16:58","Easy unter 40, told you so! Stark 💪💪💪 "
"24 Sep 2017, 09:24:21",Wie is der ankle?
"24 Sep 2017, 17:22:56",Lekerrr 👌🏼😎
"29 Sep 2017, 16:21:52",Karibib internet connection 😂
"4 Oct 2017, 17:53:04",Get a watch 🙄 haha
"5 Oct 2017, 17:33:31",59.9 km .... wirklich
"6 Oct 2017, 17:01:23",Du mit dem gerannt? High heart rate...
"8 Oct 2017, 08:51:46",Looks like it started hurting at 14km 😄 lekker 💪
"8 Oct 2017, 08:57:55",Haha 😂 well done for pushing through though
"10 Oct 2017, 17:38:04",Time for a new heart rate monitor 😂
"12 Oct 2017, 10:24:51",Mooi man :)
"15 Oct 2017, 11:17:46","Find ich nicht, die teams sind so lazy und niemand will vorne sein, net immer so half hearted attempts von breakaways. Aber so geht road racing halt. 29th, 13 sekunden hinter dem gewinner"
"17 Oct 2017, 04:18:39",Connect deine uhr davor zu dem Ding :)
"17 Oct 2017, 07:38:44","Sorry, is very important ja :) "
"17 Oct 2017, 12:09:07",Diese 5 mal 400 watts fuer 2 mins waren just terrible... Pain pain pain. Aber yes :) somehow
"19 Oct 2017, 17:49:43",Mooi man! Wade wieder ok?
"27 Oct 2017, 18:00:07","Nah, chilled parkrun I think. Plan on riding a long one Sunday morning though.."
"27 Oct 2017, 18:16:14","Haha I don't even know if I believe it myself 🙈 but was sick this past week, so it would be sensible."
"29 Oct 2017, 11:39:26",Wieder am reisen? Lekka :)
"31 Oct 2017, 07:19:02",Overreaching is the way to go :P net remembern one day ein rest day zu nehm. Eventually 
"31 Oct 2017, 17:05:38",Think the avg pace is just so fast because I used drill log to correct my distance. It was actually a regular tough day at the office 😂 but thanks anyway :)
"3 Nov 2017, 08:15:55",I wonder why 🙄 gestern hill session
"5 Nov 2017, 17:16:23",Haha 😂 almost hey. Thick river sand on the way there and wind in my face on the way back. Plus it was a chilled Sunday float :)
"11 Nov 2017, 12:37:08",Wie cool 👍👍👍 champ!
"11 Nov 2017, 15:44:51","Danke! Ja neh, dies Triathlon is hart. Und dann noch 2.2km swim 🙈"
"13 Nov 2017, 08:06:40","Haha ja neh, sukkel um net auf der Couch liegen zu bleiben 🙈"
"14 Nov 2017, 07:02:19",Wattbikes lie 🙈
"16 Nov 2017, 07:10:41",Haha 😂👌🏼
"16 Nov 2017, 15:13:07",Cool!!
"20 Nov 2017, 16:49:49","Well ja, denk staying in the office all day is less rest"
"22 Nov 2017, 07:24:00",parkrun saturday?!
"22 Nov 2017, 12:37:40",My sub conscience is trying to send us a message :P
"27 Nov 2017, 09:35:49",Genau 😂
"1 Dec 2017, 05:49:09",Awesome!!!
"3 Dec 2017, 13:11:56","Sho, well done 💪🏻💪🏻💪🏻 "
"9 Dec 2017, 15:21:41",Danke Oukies 😎
"10 Dec 2017, 08:49:53",Awesome! Well done man 💪🏻💪🏻💪🏻 
"13 Dec 2017, 07:26:06",Max HR 188. ectic
"13 Dec 2017, 07:27:11",Connect deine watch
"13 Dec 2017, 07:29:42",Das bike considered nicht watts per kg :) so you score a bit there
"14 Dec 2017, 09:51:44",Haha! What do you guys eat?!
"15 Dec 2017, 10:03:56",Pretty standard for an easy run oder? :)
"23 Dec 2017, 08:18:00",First sub 20? Well done man 💪🏻 
"29 Dec 2017, 14:55:11",Danke 😊 gut gefuehlt
"30 Dec 2017, 10:14:39","Danke 😊 Ja, höchster puls in 1 und einhalb Jahren. Thanks Morné!"
"18 Jan 2018, 16:12:36",Yesch :) endlisch!
"25 Jan 2018, 06:07:51",Mooi Man. 3:40's
"27 Jan 2018, 04:06:09",Joh big set 👌 nice
"28 Jan 2018, 15:42:59",Mit einem Pullover oder was? Brrr 
"29 Jan 2018, 18:30:01",Thanks :) war nochal aua. Morgen kein cyclen
"1 Feb 2018, 17:58:44",Eyes set on fish river?
"1 Feb 2018, 18:31:43",Roeli - agreed. Juli - 💩
"2 Feb 2018, 04:27:39",Ja dies ist zuhause. War nur lange auf Ferien (4 Monate) in Freiburg bei meinem Onkel :) 
"2 Feb 2018, 17:28:05","Fokit, well done"
"3 Feb 2018, 11:26:04",Nice! Looks tough :)
"5 Feb 2018, 04:49:14","Nah, pretty similar to my other Sunday open water swims I think. Pool is faster because I rest in between"
"8 Feb 2018, 17:17:39","Haha danke 🙈 . Hab ein halb marathon Samstag, also jetzt mal chillen 😎 "
"10 Feb 2018, 07:29:27",Didn’t even see you guys there 🙄
"10 Feb 2018, 08:45:37","Danke! Gut angefangen, aber muss noch biki arbeiten um das halten zu können. Erster weißer 😎😂 nicht sicher wievielter"
"10 Feb 2018, 10:25:29",Nice dude. So happy ich hab nicht wieder morgen ein 21 like you. Have fun 😂
"12 Feb 2018, 12:24:13",War das weh oder was 🙁
"15 Feb 2018, 14:38:36",Nice!
"19 Feb 2018, 05:56:34","Connect dein bike!! Und, das is ein terrible terrible speed fuer neh transition :P"
"20 Feb 2018, 17:59:20",Jürgen wenn dein rate of improvement linearly so weiter geht dann bist du bald da ;) #statistics
"28 Feb 2018, 18:31:19","Danke, fuehl wieder besser ja. Hockey tournier hat mich biki kaputt gemacht am weekend - andere muskeln"
"1 Mar 2018, 05:26:24",Guter pace fuer die 4km
"1 Mar 2018, 05:27:58",Good stuff :)
"1 Mar 2018, 05:30:49",Legit :) Miss that place
"1 Mar 2018, 08:04:36",Good session man
"2 Mar 2018, 08:10:04","Jy is tog mal, wanneer gaan jy slaap? "
"3 Mar 2018, 17:04:56",Haha the pizza probably cancelled out the wine :) .. but always plan on running a perfect parkrun and always end up having wine. Running omtom?
"3 Mar 2018, 19:26:35","Ahh that sucks man. Stretch, strengthen and increase cadence :) .. nope, but coming to SA next weekend for argus. No long term plans though"
"8 Mar 2018, 11:57:55",Nice. 500ter? 
"11 Mar 2018, 08:21:40","Thanks man :) first and probably last one though, too dangerous "
"11 Mar 2018, 08:48:27",Too many people riding too fast and too close to each other. Triathlon is better :)
"11 Mar 2018, 08:50:00",En dit? 
"14 Mar 2018, 12:52:52",Thanks :) actually so tired. Rest afternoon 🙌
"14 Mar 2018, 14:25:51",Dankie :) .. moet een van hierdie dae biki weer long rides met julle doen
"14 Mar 2018, 14:26:31","Good pace, was hast du gemacht?"
"14 Mar 2018, 14:48:26",Haha au ja 😂
"14 Mar 2018, 16:09:44",Yup 🙈 
"15 Mar 2018, 17:38:43",Noice 👍👍
"22 Mar 2018, 05:46:13",Joh! mooi!
"24 Mar 2018, 19:48:16",Noch 1.6km 🙈🙈🙈
"25 Mar 2018, 07:05:52",Think it paused sometimes when I stood still at obstacles for too long. Time was actually 1h :) but thanks! Was a lekka race
"29 Mar 2018, 07:42:02",Mooi man
"2 Apr 2018, 12:06:57",Einfach nur so? Stark 💪
"3 Apr 2018, 12:06:55","Dis time efficient, dan kan ek uitslaap. En niks wind 🙌"
"4 Apr 2018, 07:06:41",Was is kaputt??
"6 Apr 2018, 11:55:51",proper
"8 Apr 2018, 13:18:05",Rennen fuehlt sich irgendwie easier an nach cyclen 😬
"8 Apr 2018, 18:09:39",10 stunden woche 👌
"8 Apr 2018, 18:11:18",12 stunden cyclen fuer die woche 👍 mooi
"14 Apr 2018, 09:25:51",Easy run with 170 avg heart rate 🙈 das muss echt hart sein auf deinen körper - mach mal was auf 130-140? :)
"14 Apr 2018, 09:26:38",No ironman this year? 
"21 Apr 2018, 12:47:22",Casual 4400m elevation 😎💪💪💪
"27 Apr 2018, 08:22:32","Yeah, aber der park is actually massive, renn nur am anfang. Bin tired :) hatte decent training fuer ein business trip I think 👍"
"27 Apr 2018, 08:24:10","Dieses granny bike it nochal tough auch. Is grad start of africanX auf fb, live"
"27 Apr 2018, 18:22:06","And, how much? :)"
"28 Apr 2018, 14:18:10",A lot of room for improvement 🙌 that’s the fun part :)
"28 Apr 2018, 14:19:19","Nice. It’s spelled parkrun though :) one word, no capitals"
"28 Apr 2018, 17:55:49","Hectic, war das ein race?"
"29 Apr 2018, 09:13:13",Champs 😎👍👍👍
"29 Apr 2018, 14:08:51",Ich und juli haben abgewaechselt mit cyclen und rennen :) war cool
"1 May 2018, 10:04:16",Ooit gehoor van stadig opbou? 🙈 jy gaan jouself seer maak
"2 May 2018, 06:09:37",Nogal baie elevation. Well done!
"3 May 2018, 14:08:28",Jokers? Or where?
"3 May 2018, 14:08:42","Ach, *Jonkers"
"5 May 2018, 07:58:57",Lekkerrrr
"7 May 2018, 20:23:15","Haha jup, one of those 😂"
"7 May 2018, 20:25:40",Haha 😂 sukkelst ja immer noch mit dem gadget
"8 May 2018, 05:36:42",3:42 A.M. ???
"8 May 2018, 09:54:44",Schauinslaaaaaand 🙌 cool!
"9 May 2018, 19:35:53",Was habt ihr gemacht?
"18 May 2018, 08:55:40","Heute wieder, kommst du mit? 😬"
"18 May 2018, 09:16:55",Haha du hattest norlich 2 wochen ab man. Muskelkater von was? 😂 aber okeeee 😢
"18 May 2018, 15:29:25",Was da hell soll cybex jetzt bedeuten? 🙈
"18 May 2018, 15:54:53",Achso :) und checked doch quad vs hamie strength oder? Was war deins? 
"21 May 2018, 16:17:08",👌 geil
"21 May 2018, 16:17:27",Proper 💪
"26 May 2018, 09:11:06","Biki warm geraak, maar nie seer nie 👍 "
"26 May 2018, 09:11:36",Good stuff man 💪
"26 May 2018, 12:23:37","Lazy is a good feeling :) guilt is a bad one. Und du hattest gestern a super stressful day, so no need for guilt :)"
"26 May 2018, 19:12:39",Jelous
"27 May 2018, 13:38:55",Training for take 2 of utct 100? :)
"4 Jun 2018, 12:12:43","Daar is baie mense, hulle gaan vir die stadigste ;)"
"4 Jun 2018, 16:46:47",Proper 💪
"9 Jun 2018, 08:55:35",Atata
"12 Jun 2018, 18:43:24",Haha danke. Hab in durban gemerkt ich muss bißchen diese TT position üben 🙈
"14 Jun 2018, 13:36:27",That's terrible Ian :D
"17 Jun 2018, 09:22:02",65 or 100? Good luck man 🤯
"17 Jun 2018, 10:19:33",Alleine? Ectic
"20 Jun 2018, 06:37:02",Lekker prom run. Thanks 😊
"21 Jun 2018, 11:35:59",Brrr 😨 crazies. Beautiful though
"21 Jun 2018, 11:49:46","By die huis, dink dis bietjie oordryf om al twee saam te vat. En nodig hierdie eene vir my volgende half ironman hier"
"21 Jun 2018, 16:12:09","No, back again.. yesss 👍 will msg you 😊"
"28 Jun 2018, 07:33:06",You always have that initial heart rate spike. What is it?
"28 Jun 2018, 19:55:24",Jy reg meneer? Good luck 💪
"29 Jun 2018, 18:47:52",Nicht erst gefadet am ende 👌 mooi
"30 Jun 2018, 09:49:16",Haha 🤓 the hippy in me 
"30 Jun 2018, 10:21:51",True Dat :D
"30 Jun 2018, 13:33:47",Good stuff strong man 💪
"30 Jun 2018, 18:25:05",Mach dir mal ein profile Foto drauf
"2 Jul 2018, 06:57:40",Well done LP! 👌 skryf daar in die notes section n biki oor hoe dit was? 
"2 Jul 2018, 07:00:34","Nevermind, ek sien dis of FB 🙈 "
"3 Jul 2018, 07:34:00",Denk ich auch! Aber die Schwester 🙄
"3 Jul 2018, 07:35:20",Was is denn das? Mo mit deiner uhr?
"3 Jul 2018, 12:03:10","True Benita, danke! Das war tough. 
Pietie, ek studier so biekie hier, kom weer terug in twee maande :)"
"4 Jul 2018, 12:44:35",Jeez 😳 well done!
"4 Jul 2018, 18:27:36","53, not bad! Warum is dein record aber 43?"
"7 Jul 2018, 13:49:57",Hectic! well done
"10 Jul 2018, 08:01:06",Haha maybe not ALL activities are intended for strava yes :P
"10 Jul 2018, 15:21:31",My view was mostly a black line under me? haha
"11 Jul 2018, 19:11:02","Seapoint ja Morné :) dis sout water, baie cool. Haha Toni, as you named your last run: not ayoba! Haha. Don’t understand how others go in there without a wetsuit"
"11 Jul 2018, 19:12:25",Seid wann spazierst du??? Haha
"14 Jul 2018, 11:38:54",You have a very active imagination 😂
"14 Jul 2018, 16:45:39","Ek ook, maar ons het ongelukkig nie baie vis verkoop nie 😜"
"18 Jul 2018, 06:43:38","Better, but no ideal. Ice ice baby "
"18 Jul 2018, 16:00:51","170 avg heart rate 🙈 don’t do this on every ride, but well done! Strong "
"20 Jul 2018, 06:49:58",Ja bin keen :) aber next year auch wieder um fuer April ironman zu train. Machst mos mit
"21 Jul 2018, 14:04:31","Ja :) kein MTB, aber join mit dem mtb? Chillen on the flats und dann own pace on the hills. Lass wissen wann du wieder gehn willst, ich hab viel zeit ;)"
"26 Jul 2018, 20:30:06",Haha nickel and dime’ing your way to 100? 😂
"27 Jul 2018, 07:35:09","Is biki schwierig zu sehn weil ich in den pausen meine uhr nicht gestoppt hab. Aber ja, es hat!!! Good stuff"
"28 Jul 2018, 15:00:32",You should have known when I said “we’ll decide at Simon’s Town” 😂
"28 Jul 2018, 15:02:38",Awesome 👌 
"28 Jul 2018, 22:27:06",Dankie! Goed gevoel
"29 Jul 2018, 14:51:37","Will hom huis toe vat in 3 weeke 😂 hulle kan tafelberg hou, ek soek net Leeukop"
"3 Aug 2018, 12:07:51",Are you hurt? :/
"9 Aug 2018, 16:20:06","Thanks man. Dachte das war chilled, toe leg ich mich kurz aufs bett und kann mich jetzt kaum mehr bewegen 😂"
"11 Aug 2018, 15:48:34","Bra, you’re going to lose your gainzzz 😂"
"12 Aug 2018, 20:49:49",Serves family of 4? 😎
"12 Aug 2018, 20:51:08","Jeez, nice 👍 "
"13 Aug 2018, 11:40:26",Vakansie :) biki London en dan Ireland
"19 Aug 2018, 18:53:57","[strava://athletes/29735066/14]Jenny Carstens, I will be back in like 2 or 3 weeks :) .. [strava://athletes/23048414/17]De Wet van Rooyen , ek is op vakansie met die familie. Ja, dis amazing 👌 "
"20 Aug 2018, 07:49:13",Thanks Helen :) really beautiful here - next air bnb is close to the cliffs 🤙
"20 Aug 2018, 19:04:05",Joh 😀 legit 
"21 Aug 2018, 20:01:34",It was rusted and said my 3 minute intervals were around 230 watts (according to my effort and heart rate it should have been between 280 and 300). Either that or I have to be really worried for my race 2 weeks from now 😳
"23 Aug 2018, 07:59:15","And, how did it feel? injury gone?"
"25 Aug 2018, 14:33:41",Warum so low heart rate? 
"25 Aug 2018, 14:47:18",Ahh ok. Und sprint gewonnen?
"27 Aug 2018, 10:01:25",Sterk man 💪
"27 Aug 2018, 10:05:14",Dit is wat gebeur as mens nie jou fiets op vakansie vat nie 🙈.. [strava://athletes/6364982/14]Morne Honiball ons stood die mileage biki op as ons begin oefen vir Dash? 💪
"30 Aug 2018, 11:36:22","Bike course lyk nie so flat soos Durban nie, maar dis die plan ja 😀"
"1 Sep 2018, 08:13:54",Crazy! Well done man
"2 Sep 2018, 15:57:01",Thanks guys 😊 was lekka 👌
"2 Sep 2018, 15:58:29","Thank you Juli, Jürgen and Jenny :) 👍"
"11 Sep 2018, 05:03:57",Mooi man 👍 impressive 
"15 Sep 2018, 17:28:37",Dinge het bietjie tough geraak na 150km? Hoop jy het iets daaruit geleer :) mooi!
"28 Sep 2018, 19:15:40",Great pace man 💪
"29 Sep 2018, 07:18:41",Cool! 💪 Rennst du hangana mit?
"30 Sep 2018, 18:16:51",Danke 🙏😊
"3 Oct 2018, 05:39:20","sho, speedster"
"4 Oct 2018, 07:36:15",Cool! Nur fuer fun oder willst du auch  racen?
"5 Oct 2018, 05:59:54",Basically ready for April :D 
"6 Oct 2018, 13:36:35",Danke 😊
"13 Oct 2018, 17:12:43",Haha shame 🙈 Warum? Wind oder einfach lehr?
"14 Oct 2018, 13:12:04","Thanks guys :) .. haha Ruli, hier is fokol - vermiss schauinsland"
"16 Oct 2018, 17:03:23","Haha neh, kalt, roff, alleine 🤦🏻‍♂️ aber fun :)"
"18 Oct 2018, 14:00:44",Aber kla gemacht? Mooi. Shit happens man
"18 Oct 2018, 20:22:29",Dankie Pietie :)
"20 Oct 2018, 07:24:54",18:44 parkrun 👌 lekkerrrr :)
"20 Oct 2018, 11:38:24",1st?? Joh legit 👌 nice one nic
"21 Oct 2018, 13:01:18",Dan kannst du dich ja sommer mit mir entern fuer April lang abstand in PE... 💪 strong
"21 Oct 2018, 16:49:19",Du hattest nur noch 1.7km to go 🙈 aber good stuff 💪
"21 Oct 2018, 17:19:21","Haha, [strava://athletes/13588860/10]Julian Nel I replayed her apple playlist 4 times 😂"
"22 Oct 2018, 05:35:44","Fokit bra, is jou gat nie seer nie?"
"22 Oct 2018, 05:58:31",Haha ek sit dit ook elke liewe ride op. Magic goed daai
"25 Oct 2018, 13:40:01",202 max HR 😂 dood
"27 Oct 2018, 13:37:37",Tough day at the office?
"27 Oct 2018, 16:05:43","Yeah, der alte war sogar zweiter 💪 [strava://athletes/26163935/10]Peter Pahl "
"10 Nov 2018, 12:06:10",Danke! So ein junger dude von whk. Hat mich gedropped nach 40km. Einiges bessere bike handling skills 
"10 Nov 2018, 17:24:36",Dankie Julle :) .. jy ook Morne. Jy is flippen sterk. Endurance sal kom 💪
"14 Nov 2018, 05:17:55",Cool! 💪
"16 Nov 2018, 06:43:15",Looking good
"17 Nov 2018, 15:14:28","2 einhalb stunden at 160 avg heart rate?... looks hectic, pass auf das du nicht wieder krank wirst :)"
"19 Nov 2018, 07:10:32","jeez, 4 min/km ... wo kommt das her? "
"20 Nov 2018, 05:07:38",Sou nogal cool wees as ek dit kon hou vir 21km na ‘n 90km bike 😜
"25 Nov 2018, 19:02:01",Haha dankie Amanda 😊 het jy my gesien cycle? Was dit jy wat gegroet het? Kom nie baie agter as ek race 🙈
"28 Nov 2018, 18:18:17",Just some 100s and 50s. Would be cool being able to hold that pace for a 1k timetrial 😄
"28 Nov 2018, 18:21:14",Thanks 😊
"3 Dec 2018, 10:37:10",Well done champ 💪💪
"8 Dec 2018, 17:59:32",Well done strong man :)
"8 Dec 2018, 18:01:13","Dankie :) 

[strava://athletes/4925396/13]Stefan Sander , 17:50 denk ich. Mein partner hat leider tummy cramps gekriegt "
"11 Dec 2018, 14:16:22",Awesome :) well done
"19 Dec 2018, 16:42:50",Kry n fiets?
"25 Dec 2018, 13:48:08",Deswegen nur drei ☺️
"27 Dec 2018, 17:44:07",Thanks man 🤙
"5 Jan 2019, 12:03:31",Probably swimming breaststroke on their back? 🙈 virgin active for the win
"6 Jan 2019, 12:47:15",Atata 👌
"21 Jan 2019, 05:38:33",Haha thanks [strava://athletes/8576876/14]Ludwig Lillie ! I’ve decided to do more adventure swims like you though! Looks fun
"22 Jan 2019, 10:33:52",Cool. Und? Result? 
"26 Jan 2019, 09:36:10",Chasing KOM’s? 😂 .. well done mit dem climb am ende 🤙
"2 Feb 2019, 19:01:48",Danke danke. Outsch indeed. Einmal in der woche kann ich ja mal was hartes machen :)
"2 Feb 2019, 19:04:26","Joh, that’s a tough pace to hold for 5k’s. Pertykeer kan jy dit ook chilled vat ;)"
"9 Feb 2019, 05:22:18",Cape Town oordryf bietjie oor hulle water probleem :P daar is actually water
"9 Feb 2019, 09:51:26",Ja :) morgen früh 👍
"9 Feb 2019, 12:08:04","Baie lucky ja 😇 

Jy’s mal Michael. Oefen min. By die finish line uit te kom sal great wees :P"
"12 Feb 2019, 04:09:55","Knees okay, or running through the pain / discomfort?"
"16 Feb 2019, 11:16:54","Don’t you think we athletes are more prone to depression because we train so much? Testosterone often takes quite a hit from so much endurance training, leading to depression"
"25 Feb 2019, 13:35:23",pathetic
"26 Feb 2019, 05:48:41",well done strong man
"1 Mar 2019, 10:45:32",NOICE
"3 Mar 2019, 11:11:56",Hoekom? Papwiel?
"8 Mar 2019, 17:32:27","Yeah, without the fearing for my life part :) "
"11 Mar 2019, 19:25:14","I just clicked run instead of swim, haha. "
"14 Mar 2019, 09:39:51",😂 just your average morning 🙌
"14 Mar 2019, 12:07:14",Haha you still scarred from that? 😂 
"25 Mar 2019, 04:33:57",Thanks :) speed is coming back gradually
"3 Apr 2019, 18:05:29",Consistency 👌
"4 Apr 2019, 19:39:36",Heart rate lekka hoch
"6 Apr 2019, 14:26:24","Cray cray indeed. Wollte net rum gehn, aber juli sagt man muss rüber gehn um rum zu gehn 🤷‍♂️ happy to be home though, haha. Danke! "
"6 Apr 2019, 14:28:30",Awesome 💪🤘
"7 Apr 2019, 21:16:34",Well done ☝️
"14 Apr 2019, 13:35:22",Nice! Sounds like some muscle pain?
"16 Apr 2019, 18:46:08",Legit 👌
"20 Apr 2019, 16:03:54",Dankie baie :) 
"22 Apr 2019, 10:20:19",Haha maybe even 🙌 hat biki weh getan
"22 Apr 2019, 14:38:57","Yup, biggish day :) zeit um mal wieder fit zu werden after a looong december, haha"
"23 Apr 2019, 10:00:54",Atata 💨 
"24 Apr 2019, 15:27:17",Klomp höhen meter 👌 lekka
"25 Apr 2019, 06:34:24",🤙 sien julle daar :)
"27 Apr 2019, 11:20:41",Mooi man 💪
"27 Apr 2019, 13:13:17","Thanks guys. Haha [strava://athletes/26027044/12]Braam Snyman, that halfway turnaround took a lot of concentration! :P "
"29 Apr 2019, 06:06:22","Haha, rest long enough between intervals :P .. but thanks - starting to feel faster 👍"
"30 Apr 2019, 05:54:18",Fuckit! Awesome 👏💪
"30 Apr 2019, 17:11:12","Ja neh, legs sind dead! Gestern jump lunges und jump squats, followed by 2 hours of squash 🙈"
"1 May 2019, 10:20:58",Whata champ
"1 May 2019, 10:23:50",Awesome - well done!
"1 May 2019, 16:56:00",Haha legit 👌
"3 May 2019, 16:26:59",Whata speedster 
"7 May 2019, 19:21:20",9 bis 4 is lang genug um geld zu machen! 😂 haha
"8 May 2019, 21:09:43",Atata ⚡️
"11 May 2019, 14:15:39",Sien jou daar 😬
"12 May 2019, 13:02:32",Awesome 👏💪
"17 May 2019, 06:47:19",Feeling strong? Good luck 💪
"17 May 2019, 18:21:10",Danke :) . 2te Juni. Also noch so 2 wochen
"18 May 2019, 07:56:45",Home :) 🙌 .. thanks Ty. Looking good on yesterday’s 10k 👍
"21 May 2019, 16:31:48","Yeah, whoever said indoor training was boring "
"21 May 2019, 16:49:06",Danke. Fuehl gut 👍
"23 May 2019, 13:47:38",Cool! Welchen? Olympic? 
"25 May 2019, 08:09:51","Fuckit, that looks painful. Well done 👏 "
"25 May 2019, 12:36:32",Looks legit 😀 well done
"29 May 2019, 16:32:56",Thanks 😊😬
"29 May 2019, 18:22:15",Dankie Jaco 👍
"30 May 2019, 16:02:55",Dankie LP 👍 will do
"30 May 2019, 20:11:27",No
"31 May 2019, 16:03:13",Jeez likit 👌💪
"1 Jun 2019, 08:25:19",Awesome! 👏 well done
"2 Jun 2019, 15:54:27","Haha totally juli 😂 

Thanks Firmino 🤙 felt good"
"2 Jun 2019, 21:27:07",Thanks guys 😊👍
"3 Jun 2019, 05:55:42",Dankie julle :) .. und danke Jürgen. Bin nochal ☺️💪
"4 Jun 2019, 06:26:17",Dankie Gerrit 👌 hoop ek sien jou weer in mariental. Grooter eene hierdie keer
"6 Jun 2019, 11:37:11",👏👏👏 good luck in Frankfurt 💪💪
"6 Jun 2019, 15:29:27",🙄
"8 Jun 2019, 16:47:49","Danke [strava://athletes/8778715/13]Mark Meintjes 😊👍 hab gut gefuehlt, war lekka"
"9 Jun 2019, 12:14:46",just walking and got a 2:01min/km pace on third km. 26min/km pace overall for 3.5km. unrealistic
"9 Jun 2019, 12:22:33","climbed into a car after 6km, after which pace is around 1:30min/km. unrealistic"
"9 Jun 2019, 16:25:18",Jeez. Putting in the volume 👌👌
"10 Jun 2019, 17:03:19",Ata.. progress 👌
"11 Jun 2019, 18:38:09",Go get some cement at build it you softy 😋
"12 Jun 2019, 12:37:00",Avg HR von 160 fuer 5:10 pace? Rest up man
"12 Jun 2019, 13:23:30",triggered by effort 61597930377 on segment 18152589
"17 Jun 2019, 11:02:19","Dankie almal :) .. I found it really really hard. If I had a button that I could have pressed for someone to fetch me in a helicopter, I probably would have. Cool race if you come prepared though!"
"18 Jun 2019, 09:50:14",The segment hunter himself 🦹🏻‍♂️
"22 Jun 2019, 12:11:16","Presies! Da bo in my quad, Tensor fasciae latae according to google 😂 hy’s moeg!"
"30 Jun 2019, 18:09:51",Sjoe. He’s back?
"1 Jul 2019, 17:30:54",Dein heart rate is all over the place? 🙈
"4 Jul 2019, 04:53:23",Wie ry op die neon bike sonder n helmet? 😂
"6 Jul 2019, 12:25:42",Danke 😊👍
"11 Jul 2019, 13:49:35",Solid 💪
"11 Jul 2019, 13:58:54",That would make it lower in my opinion. Pain in legs makes it harder to get HR up
"13 Jul 2019, 13:17:50",Dankie Adele! :) nou moet ek net daai pace hou vir 21km’s na 90km viets ry! 😂
"13 Jul 2019, 13:19:40",Nice man 💪 Who beat you? 
"14 Jul 2019, 17:06:02","Yes, 20km out of swakop. Just hit a wall pf mist on the way back. Not super fun"
"18 Jul 2019, 08:59:11",Lekker downhill huh? Haha mooi!
"19 Jul 2019, 06:54:18",Ja still decent :) thanks. but need to go when the pumps are off 
"21 Jul 2019, 13:58:50",Just appreciate being able to run 🙌
"26 Jul 2019, 12:55:25","To be fair to the guys that said I can’t go outside, I think I’d be a little scared running out there "
"27 Jul 2019, 16:31:50",Mooi buddy 👍
"27 Jul 2019, 16:34:47",Guter bike 👍👍 well done. Jetzt nehm mal ne pause und mach naechstes jahr mit mir South African champs in PE 😃
"28 Jul 2019, 16:11:34",Dash training has started 🙌
"29 Jul 2019, 04:07:10",What a winner 🙌
"29 Jul 2019, 18:09:45","[strava://athletes/25025232/16]Harmen Potgieter - just family holiday :) I’d freeze on kili! No thanks
[strava://athletes/19592357/13]Pieter Beukes - dis net ‘n uur uit my dag. Daar is altyd tyd vir sport"
"31 Jul 2019, 17:43:47","😂 looks like it. But a bit more elevation (dachte das war a lot more to be honest, haha)"
"2 Aug 2019, 05:36:26",😂😂 nice meme
"4 Aug 2019, 05:18:54",Fuckit that’s far! Whale of trail? How was it?
"4 Aug 2019, 18:11:35",Dankie 😊 my bike spiere is weg 😂🙈 haha
"4 Aug 2019, 20:03:36","4de, land 5de"
"7 Aug 2019, 17:32:09",Atata. Zwei tage kein rot wein und dann so was? Haha 😂👍
"8 Aug 2019, 09:10:16",Dash training #2 🙌 getting there
"10 Aug 2019, 15:21:15",1:19 schauinsland? Gechillt gefahren?
"10 Aug 2019, 15:32:13",👍
"12 Aug 2019, 14:01:32","Joh, strong 💪"
"13 Aug 2019, 18:55:20","Hey Konrad! Nee, maar hopefully na Saterdag oggend se parkrun 🤷‍♂️ :)"
"14 Aug 2019, 15:23:43",What are you saying 😂
"14 Aug 2019, 15:26:58",😂 much better 👌👌 haha
"15 Aug 2019, 18:04:26",Very! Aber da war ein mädchen die ohne wetsuit gegangen is 
"15 Aug 2019, 18:04:32",Cray
"17 Aug 2019, 08:40:11","Danke. Wind war stark, also tough conditions "
"18 Aug 2019, 08:59:03","Die chick is mit hin gegangen mit mir, aber nicht back. Cool adventure though :) liking it again"
"18 Aug 2019, 16:14:38",Thanks man. Kannst gerne sometime this week joinen 🙌 is gar nicht so nass :P
"24 Aug 2019, 12:42:34","Joh, das is viel elevation. Well done 💪"
"25 Aug 2019, 12:01:58",Goanikontes. Da is so ein kleiner loop. Und die haben das echt mooi gemacht da
"25 Aug 2019, 18:28:54",Connect dein phone zu dem trainer!!!! Zum 100ten mal 🤦🏻‍♂️
"31 Aug 2019, 08:16:15",Wie is dein avg power so hoch wen tobie und so vor dir waren? Das ding lügt man 🤷‍♂️
"1 Sep 2019, 09:25:45","Haha dalk, maar ek het amper geloop - makes no sense"
"1 Sep 2019, 09:37:10",😂 sekerlik
"4 Sep 2019, 08:05:08","Ice cold, misty and drizzling - my favorite 😂"
"4 Sep 2019, 12:55:55",Where was that??
"4 Sep 2019, 13:00:20","Desdo höher der pace und lower der puls is, desdo höher is der Vo2 max. Eine sehr gute fitness measurement in my opinion. 
Deiner sollte aber höher als das sein, der wird sicher over time increasen wenn du mehr deinen puls misst. 
Meiner is grad 63 fuer rennen und 67 fuer cyclen. "
"5 Sep 2019, 20:21:07",50 miler? :) good luck!
"6 Sep 2019, 06:34:48","Rof, but I guess enough time has passed to make jokes 😂 .. I won’t 👍 aber maybe in ein paar leute, is packed hier"
"6 Sep 2019, 17:10:48",#1 of 3?
"7 Sep 2019, 08:32:36","Jeez, what are you training for?"
"7 Sep 2019, 13:48:36",Stark! War das ein race?
"7 Sep 2019, 15:17:36",You biked crazy good! Well done :)
"8 Sep 2019, 16:21:11",Thanks guys. Happy with the bike part. Dit was rof.
"8 Sep 2019, 16:23:45",[strava://athletes/24973464/12]chris faigle - ich hab an dich gedacht und versucht von den bremsen weg zu bleiben beim downhill so wie du es machen würdest 💪😂💨 
"9 Sep 2019, 09:33:55","As you can see in my splits, I had a tough time out there 😂
Danke Jürgen und Werner 🙏🏻 "
"12 Sep 2019, 18:14:03",Danke Ruli 👍
"13 Sep 2019, 14:09:15",Gar nicht so bad hier Hermann. Danke! :)
"14 Sep 2019, 13:55:02","CCC! But only 2021 because I still need to get all the qualifying points 🙈
But UTMB is definitely still on my list :)"
"15 Sep 2019, 19:43:03",[strava://athletes/25025232/16]Harmen Potgieter - if you get the points and a spot in the race I’ll take you with me! All expenses paid ;)
"16 Sep 2019, 13:12:31",Was für aktivität?
"17 Sep 2019, 09:06:12","[strava://athletes/23010017/11]Roelof Pahl  Die war fast schneller als ich. Du musst die lap times gucken, nicht average pace"
"22 Sep 2019, 12:51:32",Wow! 👏👏  super schnell
"28 Sep 2019, 08:08:49",Danke Roeli :) 👍
"28 Sep 2019, 08:35:52","Want swakop parkrun is 500m van my af, en WB 30km? Haha. Maar sal nog one of these days kom :)"
"28 Sep 2019, 08:47:25","🙈 No thanks, ek hou ook van koffie drink en chill "
"28 Sep 2019, 10:49:28",😂 what’s that? tell me about it next weekend old man ;)
"28 Sep 2019, 11:02:48",🙈 talking about your cramps. Don’t get me involved in these competitive things
"1 Oct 2019, 12:19:40",Hopelik kan ek hierdie pace hou vir Saterdag se marathon 😱 dankie :)
"2 Oct 2019, 10:04:42",Chappies record!! :)
"5 Oct 2019, 09:47:19","Thanks guys!! Haha [strava://athletes/10215059/12]Tyrone Kotze that’s when I was ready to call it a day, but had my caffeine GU and my second wind kicked in 😊"
"5 Oct 2019, 13:22:43",Sub 2 👌💪 well done!
"12 Oct 2019, 05:25:54","Haha they had a little come back on the second half, but not enough to catch up with the Seawork champs :P .. lekka day out 💪"
"16 Oct 2019, 12:18:54",Strong man!! :)
"16 Oct 2019, 20:42:50",Some intervals 👍 nice
"20 Oct 2019, 10:11:51",Niceeee 👌 well done Helen 
"20 Oct 2019, 11:58:18",Solid 👌
"27 Oct 2019, 15:02:36",Mein butt is sore 😐
"30 Oct 2019, 18:22:33",Solid 💪💪
"2 Nov 2019, 09:14:02",En jy sé niks...
"5 Nov 2019, 19:54:30",Fuehlst du wieder ok?
"8 Nov 2019, 07:59:03",Ja aber die uhr misst die veränderung nicht schnell genug. Muss ein brust gurt ding gebrauchen
"10 Nov 2019, 12:43:18",Thanks 😊 body’s feeling good on these long missions
"13 Nov 2019, 15:19:46",First wetsuit swim in like a month. Feel too sorry for myself in the morning to swim in a speedo 🙈
"13 Nov 2019, 18:38:23",Doubt it’s right - just from my wrist. But maybe 🤷‍♂️ was dying out there 😂
"14 Nov 2019, 13:43:45",Strong man 🙈 jeez
"16 Nov 2019, 17:32:37","Nochal weird das der record not so fast war - was just going for a pb :) 
first 👑 haha.. leave it alone!! 😂"
"16 Nov 2019, 17:36:02",Fuuuuckit that looks rough 🙈 probably on no fuel again?
"17 Nov 2019, 10:06:37",🙄🤦🏻‍♂️😂
"17 Nov 2019, 15:13:39",All the best man :) 💪 this is a positive thing in the long run
"18 Nov 2019, 17:00:39","Sho, solid mister"
"21 Nov 2019, 16:58:11",Nobody wants to go on those adventures with me 🙄🙄 need you here :)
"21 Nov 2019, 17:12:22",😳 serious oder joking? Can’t tell 😂😃😃
"22 Nov 2019, 09:30:22",Immer am racen 😂
"23 Nov 2019, 08:41:42",Nuts I tell you 🥜 
"24 Nov 2019, 18:24:02","Geen idee, haha. Maar op die oomblik is die see lekker plat! Lyk goed"
"26 Nov 2019, 14:47:38","[strava://athletes/25486896/17]Sagan, Just Sagan , lyk nie meer goed nie. Springtide. Maar Riel sé dit sal afkom oor die naweek"
"1 Dec 2019, 12:12:48",Solid mister 💪💪
"2 Dec 2019, 15:13:01","Thanks! Hope so too, not looking likely though 👎 - it’s been like this for 10 days already"
"3 Dec 2019, 16:54:49",Even me. Fudge
"5 Dec 2019, 05:19:54",Nee nog nie
"6 Dec 2019, 09:21:08",Danke Hermann! Mal gucken wie es geht :) kann das noch viele jahre wieder über attempten
"7 Dec 2019, 13:16:35",Danke danke! Don’t try this at home ☠️
"11 Dec 2019, 10:32:38","Joh, what a cool adventure swim 🙌 well done"
"13 Dec 2019, 20:43:23","Hab ich ja, Sonntag, montag und dienstag :) but yes, will keep it light 👍"
"11 Jan 2020, 15:44:38",Solid mister
"19 Jan 2020, 07:48:30","Danke GP! Diese conditions sind hart hier ja.
Haha, Julika jaag my ja :P"
"19 Jan 2020, 17:51:01","[strava://athletes/14304676/14]Linda Detering and [strava://athletes/8310230/11]Julika Pahl 
Check it!!!"
"20 Jan 2020, 09:14:29",What happened to monday rest day 
"26 Jan 2020, 11:13:00",First long one since the dash 😂💪
"26 Jan 2020, 11:14:36","1000 elevation gain?? Dis rof. 
"
"26 Jan 2020, 13:46:10","Yeah, was happy I didn’t have to run 21k’s after that though 😂"
"27 Jan 2020, 08:06:38",You mean walk? :P
"9 Feb 2020, 15:48:21",Danke :) enjoying the long rides again
"17 Feb 2020, 20:43:24",I had bait swimming behind me to distract them 
"19 Feb 2020, 17:53:23",Ja! Nice and simple. Auch einer meiner favorites 👌
"21 Feb 2020, 13:39:40","Is das Kahn rivier Ruli.

Haha yes Juli. Barely. Wollte die ganze zeit net stoppen. No alcohol ever again 😂"
"22 Feb 2020, 18:08:01",Jeezlikit!! Proper adventure 
"27 Feb 2020, 20:18:21",Nope. Wasn’t feeling good for too long. Durban again :)
"14 Mar 2020, 17:35:37",Brave 😃🙌
"15 Mar 2020, 09:57:14","Haha, nur weil ich diese woche kein sport gemacht hab"
"15 Mar 2020, 16:04:57","Jip, plus sulphur - not the most pleasant of swims"
"20 Mar 2020, 17:36:34",Dedicated to [strava://athletes/14304676/14]Linda Detering 😃
"28 Mar 2020, 16:45:51",Awesome 👏 
"29 Mar 2020, 16:16:37","We are, but our lockdown definition is luckily different to yours :) .. our promenade doesn’t look like yours on a Saturday morning, so makes a bit of sense 🙌"
"30 Mar 2020, 12:07:56",I deem myself very lucky yes 😀 hopefully they don’t change the rules. But rest is good too 🍀 
"31 Mar 2020, 17:14:41",Solid 💪
"1 Apr 2020, 07:27:42",Err day? Nice!
"1 Apr 2020, 07:29:02","Just go in a heavier gear, then you’ll get more distance. Not that it matters 🙈"
"3 Apr 2020, 13:19:27",Yay! Well done 💪
"9 Apr 2020, 16:08:53","Thanks man. Nochal gemütlich wenn man nicht zu schnell geht, und davor gefrühstückt hat"
"10 Apr 2020, 12:23:05",Habt ihr maybe ein scott tool bag verloren? Hab einen gefunden nach dem ich euch gesehn hab
"13 Apr 2020, 09:58:12",Waden ok nach 30 minutes skippen? 
"13 Apr 2020, 10:00:22",Haha die gehn seer sein 😂
"15 Apr 2020, 19:59:43",Wow 🤯👏
"20 Apr 2020, 11:02:26","Solid man :) 
Bist du jetzt into running, oder is das net für not getting too crazy from being boxed up at home? "
"20 Apr 2020, 20:31:56",Dankie :) training hard for all these postponed races 🙈
"21 Apr 2020, 17:33:05",So cold! But always feels so good afterwards :)
"23 Apr 2020, 19:07:11",I want my old watch back! It’s friendlier :P
"23 Apr 2020, 19:08:47",Strong 💪 
"23 Apr 2020, 19:10:00","[strava://athletes/20246125/13]Jürgen Sander , I think she meant the situation, not me 😂😂 or i hope"
"24 Apr 2020, 15:46:41","52. Haha I’ll think about it! Maybe even :)
Das tut aber weh"
"25 Apr 2020, 12:57:20",Lyk rof. Well done
"25 Apr 2020, 15:12:21",Doesn’t look virtual to me? 🙈
"26 Apr 2020, 13:58:13","Strong 💪  
Definitely doing it again this week. Makes a TT fun"
"26 Apr 2020, 14:40:47",How does a virtual date work? Do we just start together? 
"28 Apr 2020, 15:59:04",Mountain bike? Ahh 😪 ihr seid so lucky. Ich geh maybe mal morgen wieder einen virtual berg hoch 🙄 haha
"28 Apr 2020, 17:31:48",Pudding!!! 😂😂 wer weiß was Janeke da in den custard rein geworfen hat
"28 Apr 2020, 17:36:31","Haha, no indoor trainer like the other south africans?"
"28 Apr 2020, 18:05:21",Das sieht mos nicht aus wie 10 mal rum??
"28 Apr 2020, 19:12:03",Shit 😂🤦🏻‍♂️ unlucky. Making the most of it though 🤙
"30 Apr 2020, 12:32:27",Harmen’s fault 😂
"2 May 2020, 15:49:07",Danke Hermann! Ich seh du bist sommer 30k gerannt. Well done 💪
"4 May 2020, 07:14:26","this was a cycle, not a run"
"4 May 2020, 07:19:21","cycle, not a run"
"4 May 2020, 07:22:13","cycle, not a run"
"4 May 2020, 07:24:37",pace of 1min/km is impossible
"4 May 2020, 07:27:18",bad gps data. less than half of segment was completed
"4 May 2020, 12:08:52",Try turning your watch’s connection to your trainer off while the laptop is using it 
"4 May 2020, 16:05:28","cycle, not a run"
"4 May 2020, 16:16:07","cycle, not a run"
"4 May 2020, 16:18:08","cycle, not a run"
"4 May 2020, 17:20:11",What a fish💪
"4 May 2020, 17:20:27",Torpedo
"5 May 2020, 18:19:18",🙌🙌 champ
"5 May 2020, 18:21:27",Solid ride man 💪💪
"6 May 2020, 12:22:05","5 pace, 24k and avg HR of 140 ... wo kommt das her?"
"7 May 2020, 13:42:49","Ich komme sobald du mein bestzeit beatest den schauinsland hoch.
Haha, aber well done man 💪 bin sehr keen zu kommen sobald traveln wieder easyish is"
"9 May 2020, 20:09:17",Holding 200w? :)
"10 May 2020, 16:09:14","Your heart’s gna explode 😂😂 
Solid run though"
"11 May 2020, 18:23:49",Haha sehr gute idee! all credit to you :)
"14 May 2020, 10:24:31",💪 solid
"14 May 2020, 18:23:47",Is so nass 😂
"14 May 2020, 18:46:04","Sonne geht zu schnell unter, no time for walks anymore :P"
"16 May 2020, 13:54:46","You won the adjusted bet :P With a sub 50 next time I’ll give you the win.
Some trophies on the way down? No fear "
"16 May 2020, 13:59:07",Geil! Bist stark man 💪 
"16 May 2020, 16:17:50",Surf wetsuit. Not cold at all 😬
"18 May 2020, 07:44:42","Joh, impressive Jules 💪"
"20 May 2020, 15:50:30","No way! Bist du ein e-bike gefahren? 🧐 shiiiit, well done 🙌 you win 👑 "
"20 May 2020, 15:51:49",Record 🏆 wirst ja mit jedem jahr net jünger? 💪
"24 May 2020, 12:28:12",Strong man :) hast mich mit 2 Sekunden gebeated 😁
"27 May 2020, 10:03:15",Flat lining 😂
"28 May 2020, 07:24:40",Sho! Rennst du 30k am weekend?
"29 May 2020, 07:20:06","Hope your trying to strengthen the muscles supporting the knee and hips, not the knee 😁"
"29 May 2020, 08:01:57","Yes, better description. You can also record yourself eating a collagen rich meal and call it knee strengthening next time :P"
"30 May 2020, 14:02:11","Yeah, not lekka. Hopefully I’m a bit healthier than in the past, so it doesn’t infect so easily again"
"31 May 2020, 07:52:19",Thanks [strava://athletes/36388428/18]Kondwanie Chirembo 
"10 Jun 2020, 14:51:49",230 for 5 mins 💪 impressive 
"10 Jun 2020, 14:58:54","Oh ja, dein ftp is increased als ich auf deinem zwift account gefahren bin 😂😂😂 shit"
"10 Jun 2020, 14:59:25","Haha shame, kak funny"
"10 Jun 2020, 17:08:28",In the beginning my wheels were max pumped and I just sunk straight into the sand 😂😂 but eventually it was very fun
"12 Jun 2020, 12:06:23","Sho, vinnig 👌"
"14 Jun 2020, 09:27:06",War outside actually :)
"18 Jun 2020, 05:55:53",I assume you’ll have to stop to operate it though... Or did your confidence increase? 😂
"18 Jun 2020, 13:01:21",Yo max. Mach mal alpe du zwift! Oder musst du erst noch up leveln?
"19 Jun 2020, 17:44:52",Just had an off week beginning of the month. It’s the usual anaemia problems I think
"24 Jun 2020, 20:14:40",You found a hill 🙌 and a proper one at that 
"29 Jun 2020, 15:43:43",Danke 👍 full disclosure: this was not on my mountain bike :P
"4 Jul 2020, 13:15:01",Very cool 🙌🙌 can’t wait for then to open the border
"7 Jul 2020, 20:32:32","Haha, war nur for a change mal wieder auf dem Mountainbike und nicht fatbike.. danke :)"
"12 Jul 2020, 12:02:45",Casually riding basically the desert dash... 🤯 you cray
"12 Jul 2020, 14:51:16",Danke :) fatbike macht das nochal challenging 
"18 Jul 2020, 11:35:16","Nooit, where are those watts coming from mister? 😯"
"19 Jul 2020, 10:32:26",Denk nicht das war sehr schnell... aber danke :)
"21 Jul 2020, 17:37:44",Pretty much 😬
"22 Jul 2020, 12:44:10",41 🤯 crazy. Das schaff ich nicht mehr
"22 Jul 2020, 12:44:48","Ja, das andere wird biki zu repetitive hier"
"27 Jul 2020, 04:12:04",Fair assessment [strava://athletes/53516930/11]Bauke Ellis 😂 
"1 Aug 2020, 21:07:03",Ich hatte die uhr an. Papa war aber kurz auch dabei aufm longboard. He came to the conclusion to get a bodyboard 😂 clever
"16 Aug 2020, 13:17:57","Well I take the wave to the left, and then just never pedal all the way back. Haha but these waves mess me around a bit on my longboard "
"20 Aug 2020, 17:34:23",2362m
"22 Aug 2020, 05:41:51",Ihr liked nicht um zu schlafen? Crazy ;)
"22 Aug 2020, 14:15:18",Glaub 1:28. Und hiermit 1:21. War aber nicht max effort 
"23 Aug 2020, 11:30:08","The watch is “lying”, like on your swim 😉 "
"26 Aug 2020, 11:53:54",😂😂 
"30 Aug 2020, 11:20:52",💪💪💪 maybe a little ironman on the cards for you next year?
"3 Sep 2020, 05:38:47",Awesome 🙌 congrats Oupa Meintjes :)
"3 Sep 2020, 18:49:02","The watch always steals a bit in open water, it’s part of it ;)"
"4 Sep 2020, 11:03:09","I do the last laps in a speedo, so can’t be that bad ;)"
"8 Sep 2020, 15:18:26",The imagination ended up making it a bit scary. I don’t back myself in a fight with that beast 🙈
"8 Sep 2020, 17:32:54",Haha good one 😂👌👌
"12 Sep 2020, 12:48:16",Jeez! ⚡️ still got it
"12 Sep 2020, 12:49:16",Haha 😂 sieht nicht lekka aus
"12 Sep 2020, 13:04:18","Haha gravity, our friend. Wer war erster?"
"15 Sep 2020, 18:39:42",Thanks 🙌 
"16 Sep 2020, 14:04:36",Thanks 😊 Think I’m putting on a wetsuit next time 
"17 Sep 2020, 16:29:37",Your watch is stealing your swimming distance and you trainer is robbing your watts. Rude :P
"18 Sep 2020, 10:56:27",So Jelly :)
"18 Sep 2020, 11:01:36","Yeah, definitely sometime in the next month 🙌"
"20 Sep 2020, 18:11:06",Thanks guys 😊 that was a struggle
"22 Sep 2020, 11:20:59",51 👌 well done. Schon bisl kalt da oben?
"24 Sep 2020, 10:06:09",Finally 🙌🙌
"24 Sep 2020, 11:59:31",Why is there no pic of the bike tho
"26 Sep 2020, 11:08:31",Thanks. Michael lässt mich arbeiten!! Scared I bore him
"28 Sep 2020, 09:03:50","Haha, du denkst immer mein training represented wie fit ich bin 🙈 ich geh nie full out in training. "
"28 Sep 2020, 11:49:40",Okeh will do :)
"29 Sep 2020, 06:33:27","Fokit, 260 watt avg fuer die ersten 30 mins 👌"
"29 Sep 2020, 06:39:11",400w avg for 20mins... my fok
"30 Sep 2020, 16:23:32",Champ :) well done!
"3 Oct 2020, 19:30:13",Borders sind offen ;)
"4 Oct 2020, 15:58:34",Trophieeees :) nice!
"10 Oct 2020, 13:26:09",Bin 3 stunden nach dem ihr losgefahren seid erst aufgewacht 😅 
"12 Oct 2020, 05:32:07",Schuhe ab aufm beach :) 🦶 brauchen auch biki training
"13 Oct 2020, 11:12:50",Thanks a lot Ty 😊 
"17 Oct 2020, 15:25:25",Lekker man
"21 Oct 2020, 11:17:08",Zip line? 😀 haha
"25 Oct 2020, 10:15:34","Joh, lucky! 🙌 For both the scenery and the kitties"
"27 Oct 2020, 07:59:08",Casual PR for chappies again 😌💪
"31 Oct 2020, 11:32:46",Strong man 💪
"31 Oct 2020, 18:04:30","Danke Werner. 

Roeli, ich musste mich pacen damit ich den cycle noch ueberstehn konnte. Sobald parkrun back is zeig ich dir neh 17:59 ;)"
"1 Nov 2020, 16:29:25","Dankie Morras!

Und danke [strava://athletes/20246125/13]Jürgen Sander! Du auch. You made it exciting. Und cool das du nicht ausgechickened hast aus dem schwimmen obwohl du das nasse wasser so wenig magst 💪💪"
"8 Nov 2020, 19:15:48",Ultra
"9 Nov 2020, 07:40:24",All the PB’s again. Kona here we come ;)
"9 Nov 2020, 09:03:06",Solid!
"10 Nov 2020, 19:01:45",Und Linda: “easy w/ chris” haha 😂😂👌
"12 Nov 2020, 10:36:55",What an adventure 🙌 you’ve come a long way from almost passionately hating swimming in school 😂
"14 Nov 2020, 11:08:56","Solid, well done Louise!"
"14 Nov 2020, 11:10:01","Unter 18 dies Jahr noch :)
Muss net biki chillen davor
Danke!"
"1 Dec 2020, 18:03:10",What a badass
"2 Dec 2020, 16:18:40",Some bling for my favorite segment 😃
"6 Dec 2020, 12:24:20",Danke! War lekka. Nach dem dash renn ich mal wieder so biki :)
"6 Dec 2020, 12:26:59",Nicely done Sarah 💪🙌 
"8 Dec 2020, 13:11:26","[strava://athletes/20246125/13]Jürgen Sander, I’ll believe it when I see it 😂"
"12 Dec 2020, 12:19:49",Well done champion 🏆
"12 Dec 2020, 13:12:44",Mooi Pietie!! 🏆
"13 Dec 2020, 19:10:07","Wenn der HR am anfang vom run am höchsten is, dann is das meisstens falsch.
Von dem graph sieht das aus als ob dein max eigentlich so +-174 war. Was auch hoch is"
"13 Dec 2020, 19:14:15","Haha, so ein hoher heart rate mit Linda? Die is flippen strong"
"16 Dec 2020, 10:55:41","[strava://athletes/14304676/14]Linda Detering warst das du? 😂 Hat der jetzt sogar wifi? 
Mooi Ruli! "
"26 Dec 2020, 10:38:32",Nice one Helen :) 🙌
"26 Dec 2020, 11:21:50",👑🙌
"26 Dec 2020, 16:21:32",Interval training of is jy so veel fikser geword? Sjo
"26 Dec 2020, 18:32:38","Haha das war ich Berni.
Meine uhr is kaputt"
"27 Dec 2020, 10:47:27","Ach nee Stefan!
Haha, nice one 👌"
"28 Dec 2020, 13:33:57",Looks like it! Properly build up and taper for it 😂😂
"28 Dec 2020, 13:45:59",Die bokkie track 1 zeit is nochal fokken schnell 👏
"29 Dec 2020, 12:01:50",Going to have to tar that road when he’s gone
"2 Jan 2021, 13:39:21",Bist du fuer nationals noch hier?
"5 Jan 2021, 19:03:00",Strong!! 💪🙌
"11 Jan 2021, 15:04:28",Sho 👌 mooi
"14 Jan 2021, 06:19:51",What he said 👆
"16 Jan 2021, 15:07:19",Winter wonderland 🤗😍
"22 Jan 2021, 10:50:29",Lekker!! 🙌
"22 Jan 2021, 12:45:40",Haha the ride. But the other thing is a bonus yes 😂
"23 Jan 2021, 11:21:06",Sho you bike quick! Solid 👏
"25 Jan 2021, 13:54:44",Danke danke ☺️ 
"28 Jan 2021, 07:10:30","Ja, en dis so lekker in die warm water!!"
"30 Jan 2021, 09:29:52",Great stuff 🙌
"30 Jan 2021, 09:32:29","Sho, impressive 👏 "
"5 Feb 2021, 09:50:30","Ich fand den 140 heart rate auf einem 4:35 pace mehr impressive. Triathlon is ein long distance sport.
Haha, aber danke"
"5 Feb 2021, 16:47:56",Mooi Risa 👏
"7 Feb 2021, 15:19:20",Endlich 👏🔥
"7 Feb 2021, 18:33:13","Thanks :)

Haha shame [strava://athletes/19592357/13]Pieter Beukes, ek dink aan jou"
"9 Feb 2021, 10:20:13","Haha definitely [strava://athletes/1679582/13]Shane Horsley! So much cooler than virtual hills on zwift.

[strava://athletes/23010017/11]Roelof Pahl, ja 🙌 sub 35 wenn ich wieder da bin! "
"11 Feb 2021, 11:49:52","Exciting [strava://athletes/8576876/14]Ludwig Lillie  !! I hope in a proper surf wetsuit? My hands were so numb 😂

Won’t be doing that again soon though, gave me insomnia. Activates my sympathetic nervous system too much. Weakling :P"
"11 Feb 2021, 11:51:34",Danke Werner. Ja ich versuch sicher Dienstag wieder. Jetzt hab ich erstmal einen richtig schlimmen muskel kater vom trail running gestern 🙈
"12 Feb 2021, 12:09:02",Your heart rate seems fine at 5min/km. You were just being dramatic :P
"14 Feb 2021, 16:48:53",It is beautiful 🤗
"17 Feb 2021, 07:16:44","Haha ja, aber irgendwie brauch ich hier in kapstadt nicht so viel schlaf 🤷‍♂️"
"17 Feb 2021, 17:36:29",squiz between what? thought the thesis is handed in?
"19 Feb 2021, 18:26:36",Ata 👌
"21 Feb 2021, 18:23:35",Competitive instinct when swimming next to others 😅
"22 Feb 2021, 09:14:58","All hail King Julian, the rightful hair to the throne 😅👏"
"22 Feb 2021, 14:49:56","[strava://athletes/4925396/13]Stefan Sander jaja, but the new challange is obviously suikerbossie south side!"
"24 Feb 2021, 12:34:49","I just ride the route often, and don’t delete rides for no reason unlike some people... ;)"
"24 Feb 2021, 15:02:30",Haha I wish... some workouts are the tipping point to getting sick or injured
"24 Feb 2021, 18:48:54",Johhh that was the coolest game ever!!! Will have to teach them 😃
"26 Feb 2021, 20:15:02","Shiiit, you fast 💨🔥"
"27 Feb 2021, 11:10:00","Rude 😂 
Actually 78kg btw.
I forget.. you’re entered for the Nov. IM? "
"27 Feb 2021, 11:11:04",Sho solid 👌
"28 Feb 2021, 11:57:24","Ek doen, maar daar moet iets ernstig vout wees voor ek long ride Sunday hier sou skip 😅 viets ry is soo lekker hier!!"
"28 Feb 2021, 18:28:30","Can’t seem to get the suikerbossie and chappies KOMs, so I’ll just take these :P
Thanks ty"
"2 Mar 2021, 08:24:11","Haha das hat ne doppelte bedeutung Roeli 😂 
Aber der thumbs-up clears it up a bit"
"4 Mar 2021, 18:26:49",You had it for 7 years - it was time 😅
"5 Mar 2021, 16:40:32",this is a swim segment and he was paddling
"9 Mar 2021, 06:57:37",paddling on a segment meant for swimming
"10 Mar 2021, 06:26:30",paddling on a swimming segment
"13 Mar 2021, 14:34:01","And... did you get it? 
Well done - looks super tough 💪"
"18 Mar 2021, 04:39:10","[strava://athletes/20246125/13]Jürgen Sander nee, so 16 grad schätze ich. Lekker :)
[strava://athletes/8576876/14]Ludwig Lillie  yes! Would be keen. Just have a race this Sunday and then an important scary exam next friday. After that I’m keen for swim adventures. Let me know.
+264812290487"
"21 Mar 2021, 18:46:32",Danke ihr! War ein Erlebnis 👌
"22 Mar 2021, 09:15:30","Epic, well done champion"
"22 Mar 2021, 09:27:25",Looks like an adventure 🙌
"22 Mar 2021, 15:58:05","[strava://athletes/23010017/11]Roelof Pahl Juli hat kein problem mit dem brick run, das hat die doch die letzten zwei triathlons bewiesen. Sie muss aber mal lernen um ihre bottle auf dem bike lehr zu trinken und beim rennen was zu sich nehmen zu können - genau wie du. Und die Hitze in einem race am mittag macht das noch wichtiger."
"23 Mar 2021, 07:04:00",Ungodly early time bro... probably nice and quiet though 
"24 Mar 2021, 14:14:12",Is die track auch downhill da?
"25 Mar 2021, 13:01:23",Hat das desert dash training angefangen? 😀
"26 Mar 2021, 13:26:25",War net ein little push for the training. The big attempt is still coming :) will da noch ein top 10 kriegen. Hast du matt beers seine zeit gestern gesehn? Craaaazy!
"26 Mar 2021, 19:16:45",Proper :)
"31 Mar 2021, 08:18:59",The roads less travelled 😅
"2 Apr 2021, 14:34:25","Morras, kan jy nog swem?? Daai strava swem log lyk biki plat"
"3 Apr 2021, 10:33:43","Jeez-like-it.Just cause? 
Well done :) amazing to have a body capable of that"
"3 Apr 2021, 11:12:27","Strong!
You doing the whole race or only the bike part?"
"4 Apr 2021, 13:42:54",Mooi Roeli
"4 Apr 2021, 14:35:42","Did a recce of glen today (first time), 335 watt avg and was super far off your time. So yours is really solid. 
I should wait for a less misty day though. Tough in these conditions "
"9 Apr 2021, 08:45:27","Got 2 :)
Crazy how the cold just saps my energy completely "
"9 Apr 2021, 11:52:56",45.. not bad at all 💪💪
"10 Apr 2021, 12:28:48","[strava://athletes/18157611/13]Dedré Hanekom basically no flats, just up down up down!! 🙈"
"10 Apr 2021, 12:29:26","Haha [strava://athletes/1679582/13]Shane Horsley , I’d be chuffed if my HR could go that high for just 5 mins"
"10 Apr 2021, 20:23:36",24sten. Ja bin. Die competition is wieder dolle stark. Wird aber cool
"12 Apr 2021, 07:28:51",[strava://athletes/8576876/14]Ludwig Lillie thank you! Will need to go a bit faster in the race to compete though. Think 2:40 would be good.
"12 Apr 2021, 07:30:29","[strava://athletes/16211126/21]Christine De Klerk 🇳🇦 beautiful part of the country, as [strava://athletes/9010465/16]Hermann Volkmann said. I prefer hermanus over Stanford though 😁"
"18 Apr 2021, 09:18:59",King of Queens road 💪
"18 Apr 2021, 12:25:14",Nice one Vinnie
"24 Apr 2021, 16:58:09","Thanks so much guys 🤗🤗 you’re the best.

Oh, that was a basically a trail run btw. Really tough honest race"
"24 Apr 2021, 19:35:20",Solid 💪 well done Dedrè 
"24 Apr 2021, 19:36:22",Crazy strong. Well done 💪
"26 Apr 2021, 13:11:02","Saw an arm cup on the road and felt really sorry for the poor chap who lost it 😂
Solid race today 💪"
"26 Apr 2021, 13:49:04","Thanks guys 🤗
A buddy let me know I can use his entry at 6 this morning, lucky me :)"
"26 Apr 2021, 15:16:05",Agreed 👆 well done Jamie
"30 Apr 2021, 11:20:11",Racing tomorrow?
"2 May 2021, 09:02:17",Yay 😃🙌
"2 May 2021, 10:02:17","Jeezus. Just cause? 
Strong 👌"
"6 May 2021, 18:03:27","bad gps data. first 2km are at 1:30 pace, which is impossible"
"6 May 2021, 18:05:10","GPS jumped some 20km, probably from his home.."
"7 May 2021, 04:11:34","😂 When parkrun is back, you’ll get it down to 4:30! :) "
"8 May 2021, 09:25:24",Danke [strava://athletes/18446917/12]Werner Ewald! Trail running hier is net lekker 👌
"8 May 2021, 13:31:32",2:00 run pace on a 20% incline is impossible
"9 May 2021, 15:07:50","Sehr lekker ja :)

[strava://athletes/12536107/13]Amanda Beukes ek sien nie n ou toppie in daai foto nie... net twee manne in hulle prime :P"
"9 May 2021, 15:49:49",What pink stuff were you wearing? Lookin fab 🥇
"15 May 2021, 05:42:19",Super impressive ride. Well done Drikus 
"15 May 2021, 13:05:55",😂 delete meine ride
"16 May 2021, 08:32:11","Ag kak, you did well!
You’ll be back to your best in 2 weeks"
"16 May 2021, 12:02:06",Niiice 👌😎 emoji emoji
"16 May 2021, 12:04:39","Und, was hast du gehalten fuer 20 mins?"
"16 May 2021, 18:31:13",Nice! Muessen bald mal wieder alp du zwift machen ☠️ 
"22 May 2021, 12:52:15","Das war glaub ich nicht richtig am ende. War nicht chest strap leider. Wenn der wirklich so hoch war dann is bißchen komisch, weil das war gar nicht so schnell"
"26 May 2021, 06:30:14",He’s back!! 🙌
"28 May 2021, 06:30:08",I don’t get the joke 🙈 is it a dad joke?
"28 May 2021, 16:55:32",Geil. What even is it though
"29 May 2021, 07:00:17","Does that mean morning run, or is that a place? 😅"
"30 May 2021, 03:59:50",He’s back!! 
"1 Jun 2021, 16:49:57",200 avg power. Sjo 👏
"3 Jun 2021, 18:09:04","She’s BACK on Strava!!
[strava://athletes/23010017/11]Roelof Pahl might not have anything inside his fridge, but at least he has wifi now 😄"
"4 Jun 2021, 14:35:29","The man, the myth, the legend 😅 haha ag thanks strava 💁‍♂️"
"5 Jun 2021, 08:47:52","Yesss!!
If not, maybe mixed team mit mir 😬
Oder wir Solo’n alle"
"5 Jun 2021, 11:45:41","Danke Jürgen, Juli, Werner und Hermann!! Hoch, runter, hoch, runter 😅 das war nicht easy"
"5 Jun 2021, 12:16:15",😂 waar cycle jy ront? Virtual cape town?
"5 Jun 2021, 15:44:11",Nice. The old man made you work a bit? :)
"6 Jun 2021, 17:34:31",Mein gps rounded up 🤦🏻‍♂️
"8 Jun 2021, 08:48:29","Nice! 
Happy to see you’re back in business 💪
Coming to Nam tomorrow:)"
"9 Jun 2021, 10:37:31",Awesome 🤗
"10 Jun 2021, 10:00:49",Keen! Msg details :)
"11 Jun 2021, 12:26:06",So close 😂 rechts!! Haha
"12 Jun 2021, 15:06:24",Cool 🙌
"13 Jun 2021, 12:25:37",😂 blame it on the break
"14 Jun 2021, 19:09:53","*can!
*will! 
Haha"
"16 Jun 2021, 18:31:43","Mein flug nach Deutschland is Sonntag, also musste heute schonmal nach whk"
"19 Jun 2021, 16:00:39","Jeez ok, someone obviously entered the dash recently "
"24 Jun 2021, 03:34:48","Nice one Dean!
Back in action 🙌"
"24 Jun 2021, 14:05:47","Danke Werner! 
Ja die Juli is schnell. Ich muss auch mal die socken hochziehen und paar KOMs kriegen 😅"
"30 Jun 2021, 14:16:07",[strava://athletes/16878236/12]Moritz Sauer .. split personality disorder 🤷‍♂️😂 
"1 Jul 2021, 15:59:16","Danke [strava://athletes/18446917/12]Werner Ewald ! 
Was is dein dash plan dieses jahr?"
"3 Jul 2021, 15:41:50",Nice 🙌
"4 Jul 2021, 14:26:48",😂 80/20 rule man
"4 Jul 2021, 17:12:45","Impressive stuff ihr zwei 💪💪
[strava://athletes/14304676/14]Linda Detering und [strava://athletes/8310230/11]Julika Pahl "
"6 Jul 2021, 12:53:32","On my way back! 😂 

But actually, I’m practicing my mountain biking so I can take over the Caveman Challenge trophy when [strava://athletes/43731086/14]Herbert Peters leaves next year "
"7 Jul 2021, 19:00:17",Dachte du geht ventoux cyclen?
"14 Jul 2021, 18:39:39","Good chappies time 💪
Hat Shane bißchen geholfen dieses mal? "
